"AdminID";"Name";"Address";"Email";"PhoneNo";"Username"
1;"John Smith";"123 Main St";"john.smith@email.com";"555-1234";"john_smith"
2;"Alice Johnson";"456 Oak St";"alice.johnson@email.com";"555-5678";"alice_johnson"
3;"Bob Brown";"789 Pine St";"bob.brown@email.com";"555-4321";"bob_brown"
4;"Emily Davis";"101 Elm St";"emily.davis@email.com";"555-8765";"emily_davis"
5;"David White";"202 Maple St";"david.white@email.com";"555-9876";"david_white"
6;"Samantha Miller";"303 Birch St";"samantha.miller@email.com";"555-3456";"samantha_miller"
7;"Michael Wilson";"404 Cedar St";"michael.wilson@email.com";"555-6543";"michael_wilson"
8;"Olivia Moore";"505 Pine St";"olivia.moore@email.com";"555-7890";"olivia_moore"
9;"William Taylor";"606 Oak St";"william.taylor@email.com";"555-2345";"william_taylor"
10;"Emma Harris";"707 Elm St";"emma.harris@email.com";"555-5432";"emma_harris"
41;"Christopher Hall";"111 Cedar St";"christopher.hall@email.com";"555-9876";"christopher_hall"
42;"Mia Turner";"222 Pine St";"mia.turner@email.com";"555-6543";"mia_turner"
43;"Andrew Brooks";"333 Elm St";"andrew.brooks@email.com";"555-7890";"andrew_brooks"
44;"Sophia Ward";"444 Birch St";"sophia.ward@email.com";"555-2345";"sophia_ward"
45;"Matthew Butler";"555 Oak St";"matthew.butler@email.com";"555-5432";"matthew_butler"
