"Username";"Password"
"aiden_bell_43";"@!d3n_B3ll_43"
"amelia_ward_29";"@m3l!@_W@rd_29"
"amy_taylor_10";"AmY_T@yl0r10#"
"aubrey_cooper_46";"@ubr3y_C00p3r_46"
"ava_hill_16";"@va_H1ll_16"
"bob_jones_03";"B0bJ0n3s#"
"chloe_martin_38";"Chl03_M@rt!n_38"
"chris_baker_09";"Chri$B@k3r_09"
"connor_wheeler_37";"C0nn0r_Whe3l3r_37"
"daniel_ross_21";"D@n!3l_R0ss_21"
"david_gray_07";"D@v1d_Gr@y_07"
"emily_green_06";"3m!lyGr33n_06"
"emma_hayes_18";"3mma_H@y3s_18"
"emma_ward_42";"3mm@_W@rd_42"
"ethan_cooper_39";"3th@n_C00p3r_39"
"ethan_price_27";"3th@n_Pr1c3_27"
"gabriel_kelly_33";"G@br!3l_K3lly_33"
"grace_wilson_14";"Gr@ceW!lson_14"
"hannah_perry_22";"H@nn@h_P3rry_22"
"jack_harrison_23";"J@ckH@rr!s0n_23"
"jackson_mitchell_15";"J@cksonM!tch3ll15"
"jacob_ramirez_41";"J@c0b_R@m!r3z_41"
"jane_smith_02";"Jane_Sm!th02"
"john_doe_01";"J0hnD03!"
"laura_black_08";"L@ur@Bl@ck_08"
"leah_miller_31";"L3@h_M!ll3r_31"
"liam_kelly_50";"L!@m_K3lly_50"
"lily_butler_24";"L!ly_Butl3r_24"
"logan_brooks_35";"L0g@n_Br00ks_35"
"lucas_hill_45";"Luca$_H1ll_45"
"luke_bell_30";"Luk3_B3ll_30"
"madison_richards_34";"M@d!s0n_R!ch@rds_34"
"mia_brooks_44";"M!@_Br00ks_44"
"mia_wood_20";"M!@_W00d20"
"mike_brown_05";"M1k3_Br0wn05!"
"nathan_adams_17";"N@th@nAd@ms_17"
"noah_wheeler_48";"N0@h_Whe3l3r_48"
"oliver_ramirez_28";"Ol1v3r_R@m1r3z_28"
"olivia_martin_12";"Ol!v!a_M@rt1n12"
"olivia_martin_49";"0l!v!@_M@rt!n_49"
"olivia_price_40";"0l!v!@_Pr1c3_40"
"robert_johnson_11";"R0b3rt_J0hnson_11"
"ryan_long_25";"Ry@n_L0ng_25"
"samuel_cooper_19";"S@mu3l_C00p3r_19"
"sophia_stewart_32";"S0ph!@_St3w@rt_32"
"susan_white_04";"Sus@nWh!t3_04"
"william_moore_13";"W1ll!@m_M00r3_13"
"zoey_fisher_26";"Z0ey_F!sh3r_26"
"zoey_hill_36";"Z03y_H!ll_36"
"zoey_richards_47";"Z03y_R!ch@rds_47"
