"MemberID";"PhoneNo";"Email";"Address";"Name";"MembershipID";"Username"
1001;"123-456-7890";"john.doe@email.com";"123 Main St, Cityville";"John Doe";10000001;"john_doe_01"
1002;"234-567-8901";"jane.smith@email.com";"456 Oak St, Townsville";"Jane Smith";10000002;"jane_smith_02"
1003;"345-678-9012";"bob.jones@email.com";"789 Pine St, Villageton";"Bob Jones";10000003;"bob_jones_03"
1004;"456-789-0123";"susan.white@email.com";"987 Elm St, Hamletville";"Susan White";10000004;"susan_white_04"
1005;"567-890-1234";"mike.brown@email.com";"654 Birch St, Countryside";"Mike Brown";10000005;"mike_brown_05"
1006;"678-901-2345";"emily.green@email.com";"321 Cedar St, Hilltop";"Emily Green";10000006;"emily_green_06"
1007;"789-012-3456";"david.gray@email.com";"876 Maple St, Lakeside";"David Gray";10000007;"david_gray_07"
1008;"890-123-4567";"laura.black@email.com";"543 Redwood St, Riverside";"Laura Black";10000008;"laura_black_08"
1009;"901-234-5678";"chris.baker@email.com";"210 Fir St, Mountainside";"Chris Baker";10000009;"chris_baker_09"
1010;"012-345-6789";"amy.taylor@email.com";"135 Pinecone St, Meadowville";"Amy Taylor";10000010;"amy_taylor_10"
1011;"123-234-5678";"robert.johnson@email.com";"456 Birchwood St, Hillside";"Robert Johnson";10000011;"robert_johnson_11"
1012;"234-345-6789";"olivia.martin@email.com";"789 Maplewood St, Lakeshore";"Olivia Martin";10000012;"olivia_martin_12"
1013;"345-456-7890";"william.moore@email.com";"987 Oakwood St, Countrysidelake";"William Moore";10000013;"william_moore_13"
1014;"456-567-8901";"grace.wilson@email.com";"654 Redwoodwood St, Rivertown";"Grace Wilson";10000014;"grace_wilson_14"
1015;"567-678-9012";"jackson.mitchell@email.com";"321 Cedarwood St, Hilltopville";"Jackson Mitchell";10000015;"jackson_mitchell_15"
1016;"678-789-0123";"ava.hill@email.com";"876 Mapleside St, Lakesidehill";"Ava Hill";10000016;"ava_hill_16"
1017;"789-890-1234";"nathan.adams@email.com";"543 Pinehill St, Mountainsidetown";"Nathan Adams";10000017;"nathan_adams_17"
1018;"890-901-2345";"emma.hayes@email.com";"210 Firside St, Meadowtown";"Emma Hayes";10000018;"emma_hayes_18"
1019;"901-012-3456";"samuel.cooper@email.com";"135 Oakmeadow St, Rivertownship";"Samuel Cooper";10000019;"samuel_cooper_19"
1020;"012-123-4567";"mia.wood@email.com";"456 Redside St, Countrysidewood";"Mia Wood";10000020;"mia_wood_20"
1021;"123-234-5678";"daniel.ross@email.com";"789 Maplehill St, Hillsidevale";"Daniel Ross";10000021;"daniel_ross_21"
1022;"234-345-6789";"hannah.perry@email.com";"987 Pinetown St, Meadowhill";"Hannah Perry";10000022;"hannah_perry_22"
1023;"345-456-7890";"jack.harrison@email.com";"654 Oakvale St, Riversidehill";"Jack Harrison";10000023;"jack_harrison_23"
1024;"456-567-8901";"lily.butler@email.com";"321 Pinevale St, Hilltown";"Lily Butler";10000024;"lily_butler_24"
1025;"567-678-9012";"ryan.long@email.com";"876 Oakmeadow St, Lakesidevale";"Ryan Long";10000025;"ryan_long_25"
1026;"678-789-0123";"zoey.fisher@email.com";"543 Pinewood St, Countrysidevale";"Zoey Fisher";10000026;"zoey_fisher_26"
1027;"789-890-1234";"ethan.price@email.com";"210 Cedarhill St, Meadowville";"Ethan Price";10000027;"ethan_price_27"
1028;"890-901-2345";"oliver.ramirez@email.com";"135 Birchvale St, Hilltopvale";"Oliver Ramirez";10000028;"oliver_ramirez_28"
1029;"901-012-3456";"amelia.ward@email.com";"456 Pinetown St, Riversidevale";"Amelia Ward";10000029;"amelia_ward_29"
1030;"012-123-4567";"luke.bell@email.com";"789 Mapletown St, Lakesideville";"Luke Bell";10000030;"luke_bell_30"
1031;"123-234-5678";"leah.miller@email.com";"987 Redvale St, Hilltownville";"Leah Miller";10000031;"leah_miller_31"
1033;"345-456-7890";"sophia.stewart@email.com";"321 Cedarwood St, Hillsideville";"Sophia Stewart";10000032;"sophia_stewart_32"
1034;"456-567-8901";"gabriel.kelly@email.com";"876 Mapleside St, Lakesidehill";"Gabriel Kelly";10000033;"gabriel_kelly_33"
1035;"567-678-9012";"madison.richards@email.com";"543 Pinemeadow St, Mountainsidetown";"Madison Richards";10000034;"madison_richards_34"
1036;"678-789-0123";"logan.brooks@email.com";"210 Oakhill St, Meadowtown";"Logan Brooks";10000035;"logan_brooks_35"
1037;"789-890-1234";"zoey.hill@email.com";"135 Birchside St, Rivertownship";"Zoey Hill";10000036;"zoey_hill_36"
1038;"890-901-2345";"connor.wheeler@email.com";"456 Pinetown St, Countrysidewood";"Connor Wheeler";10000037;"connor_wheeler_37"
1039;"901-012-3456";"chloe.martin@email.com";"789 Maplemeadow St, Hillsidevale";"Chloe Martin";10000038;"chloe_martin_38"
1040;"012-123-4567";"ethan.cooper@email.com";"987 Oakvale St, Lakesidevale";"Ethan Cooper";10000039;"ethan_cooper_39"
1041;"123-234-5678";"olivia.price@email.com";"654 Pinewood St, Riversidehill";"Olivia Price";10000040;"olivia_price_40"
1042;"234-345-6789";"jacob.ramirez@email.com";"321 Mapletown St, Hilltopvale";"Jacob Ramirez";10000041;"jacob_ramirez_41"
1043;"345-456-7890";"emma.ward@email.com";"876 Birchvale St, Lakesideville";"Emma Ward";10000042;"emma_ward_42"
1044;"456-567-8901";"aiden.bell@email.com";"543 Pinetown St, Countrysidevale";"Aiden Bell";10000043;"aiden_bell_43"
1045;"567-678-9012";"mia.brooks@email.com";"210 Mapleside St, Meadowville";"Mia Brooks";10000044;"mia_brooks_44"
1046;"678-789-0123";"lucas.hill@email.com";"135 Cedarhill St, Hilltopville";"Lucas Hill";10000045;"lucas_hill_45"
1047;"789-890-1234";"aubrey.cooper@email.com";"456 Oakside St, Riversideville";"Aubrey Cooper";10000046;"aubrey_cooper_46"
1048;"890-901-2345";"zoey.richards@email.com";"789 Redvale St, Hilltownville";"Zoey Richards";10000047;"zoey_richards_47"
1049;"901-012-3456";"noah.wheeler@email.com";"987 Pinevale St, Countrysideville";"Noah Wheeler";10000048;"noah_wheeler_48"
1050;"012-123-4567";"olivia.martin@email.com";"654 Hillmeadow St, Lakesidevale";"Olivia Martin";10000049;"olivia_martin_49"
1051;"123-234-5678";"liam.kelly@email.com";"321 Mapleside St, Hillsidehill";"Liam Kelly";10000050;"liam_kelly_50"
